attribute,n_features,n_available,total_length_km,available_length_km,pct_features,pct_length
oneway,16714,8077,2347.717156768004,1458.2278649256168,48.3,62.1
maxspeed,16714,3053,2347.717156768004,558.2286931032804,18.3,23.8
lit,16714,1997,2347.717156768004,341.6809105151524,11.9,14.6
lanes,16714,1887,2347.717156768004,335.27141330339117,11.3,14.3
surface,16714,1863,2347.717156768004,326.8088433006049,11.1,13.9
access,16714,1038,2347.717156768004,155.380410230906,6.2,6.6
width,16714,459,2347.717156768004,90.24541147532425,2.7,3.8
motor_vehicle,16714,394,2347.717156768004,78.75585405597525,2.4,3.4
cycleway,16714,375,2347.717156768004,77.29569751614835,2.2,3.3
sidewalk,16714,344,2347.717156768004,53.21364117004121,2.1,2.3
cycleway_left,16714,52,2347.717156768004,12.021341215192086,0.3,0.5
cycleway_both,16714,0,2347.717156768004,0,0,0
cycleway_right,16714,6,2347.717156768004,1.204319848513872,0,0.1
