highway,attribute,n_features,n_available,pct_features,total_length_km,available_length_km,pct_length
bridleway,access,2,0,0,0.13085159333936497,0,0
bridleway,cycleway,2,0,0,0.13085159333936497,0,0
bridleway,cycleway_both,2,0,0,0.13085159333936497,0,0
bridleway,cycleway_left,2,0,0,0.13085159333936497,0,0
bridleway,cycleway_right,2,0,0,0.13085159333936497,0,0
bridleway,lanes,2,0,0,0.13085159333936497,0,0
bridleway,lit,2,0,0,0.13085159333936497,0,0
bridleway,maxspeed,2,0,0,0.13085159333936497,0,0
bridleway,motor_vehicle,2,1,50,0.13085159333936497,0.12015867413426888,91.8
bridleway,oneway,2,0,0,0.13085159333936497,0,0
bridleway,sidewalk,2,0,0,0.13085159333936497,0,0
bridleway,surface,2,1,50,0.13085159333936497,0.12015867413426888,91.8
bridleway,width,2,0,0,0.13085159333936497,0,0
construction,access,6,0,0,0.6288525743703821,0,0
construction,cycleway,6,0,0,0.6288525743703821,0,0
construction,cycleway_both,6,0,0,0.6288525743703821,0,0
construction,cycleway_left,6,0,0,0.6288525743703821,0,0
construction,cycleway_right,6,0,0,0.6288525743703821,0,0
construction,lanes,6,1,16.7,0.6288525743703821,0.20136228520552765,32
construction,lit,6,0,0,0.6288525743703821,0,0
construction,maxspeed,6,0,0,0.6288525743703821,0,0
construction,motor_vehicle,6,0,0,0.6288525743703821,0,0
construction,oneway,6,4,66.7,0.6288525743703821,0.43654356863486804,69.4
construction,sidewalk,6,0,0,0.6288525743703821,0,0
construction,surface,6,0,0,0.6288525743703821,0,0
construction,width,6,0,0,0.6288525743703821,0,0
corridor,access,4,0,0,0.08020613322877435,0,0
corridor,cycleway,4,0,0,0.08020613322877435,0,0
corridor,cycleway_both,4,0,0,0.08020613322877435,0,0
corridor,cycleway_left,4,0,0,0.08020613322877435,0,0
corridor,cycleway_right,4,0,0,0.08020613322877435,0,0
corridor,lanes,4,0,0,0.08020613322877435,0,0
corridor,lit,4,0,0,0.08020613322877435,0,0
corridor,maxspeed,4,0,0,0.08020613322877435,0,0
corridor,motor_vehicle,4,0,0,0.08020613322877435,0,0
corridor,oneway,4,0,0,0.08020613322877435,0,0
corridor,sidewalk,4,0,0,0.08020613322877435,0,0
corridor,surface,4,0,0,0.08020613322877435,0,0
corridor,width,4,0,0,0.08020613322877435,0,0
crossing,access,1,0,0,0.011762323206592616,0,0
crossing,cycleway,1,0,0,0.011762323206592616,0,0
crossing,cycleway_both,1,0,0,0.011762323206592616,0,0
crossing,cycleway_left,1,0,0,0.011762323206592616,0,0
crossing,cycleway_right,1,0,0,0.011762323206592616,0,0
crossing,lanes,1,0,0,0.011762323206592616,0,0
crossing,lit,1,0,0,0.011762323206592616,0,0
crossing,maxspeed,1,0,0,0.011762323206592616,0,0
crossing,motor_vehicle,1,0,0,0.011762323206592616,0,0
crossing,oneway,1,0,0,0.011762323206592616,0,0
crossing,sidewalk,1,0,0,0.011762323206592616,0,0
crossing,surface,1,0,0,0.011762323206592616,0,0
crossing,width,1,0,0,0.011762323206592616,0,0
cycleway,access,369,8,2.2,131.06118039798162,3.8031952955341435,2.9
cycleway,cycleway,369,35,9.5,131.06118039798162,4.819011055889425,3.7
cycleway,cycleway_both,369,0,0,131.06118039798162,0,0
cycleway,cycleway_left,369,0,0,131.06118039798162,0,0
cycleway,cycleway_right,369,0,0,131.06118039798162,0,0
cycleway,lanes,369,10,2.7,131.06118039798162,5.131824111068899,3.9
cycleway,lit,369,79,21.4,131.06118039798162,27.333770983439315,20.9
cycleway,maxspeed,369,0,0,131.06118039798162,0,0
cycleway,motor_vehicle,369,46,12.5,131.06118039798162,25.1464893856611,19.2
cycleway,oneway,369,218,59.1,131.06118039798162,94.38335612705991,72
cycleway,sidewalk,369,4,1.1,131.06118039798162,2.5205673366531447,1.9
cycleway,surface,369,72,19.5,131.06118039798162,33.75942013415198,25.8
cycleway,width,369,10,2.7,131.06118039798162,6.937644180009849,5.3
footway,access,3099,68,2.2,252.64692729894062,7.428551790687629,2.9
footway,cycleway,3099,6,0.2,252.64692729894062,1.262780700157436,0.5
footway,cycleway_both,3099,0,0,252.64692729894062,0,0
footway,cycleway_left,3099,0,0,252.64692729894062,0,0
footway,cycleway_right,3099,0,0,252.64692729894062,0,0
footway,lanes,3099,2,0.1,252.64692729894062,0.04630459702460426,0
footway,lit,3099,209,6.7,252.64692729894062,14.35259686852206,5.7
footway,maxspeed,3099,3,0.1,252.64692729894062,0.67016659329088,0.3
footway,motor_vehicle,3099,52,1.7,252.64692729894062,8.932981248815711,3.5
footway,oneway,3099,35,1.1,252.64692729894062,10.9431414322597,4.3
footway,sidewalk,3099,5,0.2,252.64692729894062,0.2909284269179381,0.1
footway,surface,3099,187,6,252.64692729894062,21.863309078610047,8.7
footway,width,3099,20,0.6,252.64692729894062,2.4892831674775486,1
living_street,access,643,97,15.1,80.74809549739228,15.02026847465601,18.6
living_street,cycleway,643,8,1.2,80.74809549739228,1.3049638688498115,1.6
living_street,cycleway_both,643,0,0,80.74809549739228,0,0
living_street,cycleway_left,643,0,0,80.74809549739228,0,0
living_street,cycleway_right,643,0,0,80.74809549739228,0,0
living_street,lanes,643,117,18.2,80.74809549739228,15.589285026397347,19.3
living_street,lit,643,89,13.8,80.74809549739228,14.292027069397143,17.7
living_street,maxspeed,643,113,17.6,80.74809549739228,16.572939782982274,20.5
living_street,motor_vehicle,643,32,5,80.74809549739228,3.2727262049118813,4.1
living_street,oneway,643,474,73.7,80.74809549739228,65.20138629159953,80.7
living_street,sidewalk,643,6,0.9,80.74809549739228,0.8684787254891426,1.1
living_street,surface,643,125,19.4,80.74809549739228,17.983884018560254,22.3
living_street,width,643,25,3.9,80.74809549739228,1.9083114856691112,2.4
motorway,access,29,0,0,7.86350541398384,0,0
motorway,cycleway,29,0,0,7.86350541398384,0,0
motorway,cycleway_both,29,0,0,7.86350541398384,0,0
motorway,cycleway_left,29,0,0,7.86350541398384,0,0
motorway,cycleway_right,29,0,0,7.86350541398384,0,0
motorway,lanes,29,21,72.4,7.86350541398384,5.612632972101573,71.4
motorway,lit,29,18,62.1,7.86350541398384,5.0310565851274545,64
motorway,maxspeed,29,29,100,7.86350541398384,7.86350541398384,100
motorway,motor_vehicle,29,3,10.3,7.86350541398384,1.1483081075806005,14.6
motorway,oneway,29,29,100,7.86350541398384,7.86350541398384,100
motorway,sidewalk,29,0,0,7.86350541398384,0,0
motorway,surface,29,3,10.3,7.86350541398384,1.1483081075806005,14.6
motorway,width,29,0,0,7.86350541398384,0,0
motorway_link,access,3,0,0,0.30910595768745236,0,0
motorway_link,cycleway,3,0,0,0.30910595768745236,0,0
motorway_link,cycleway_both,3,0,0,0.30910595768745236,0,0
motorway_link,cycleway_left,3,0,0,0.30910595768745236,0,0
motorway_link,cycleway_right,3,0,0,0.30910595768745236,0,0
motorway_link,lanes,3,0,0,0.30910595768745236,0,0
motorway_link,lit,3,0,0,0.30910595768745236,0,0
motorway_link,maxspeed,3,0,0,0.30910595768745236,0,0
motorway_link,motor_vehicle,3,0,0,0.30910595768745236,0,0
motorway_link,oneway,3,3,100,0.30910595768745236,0.30910595768745236,100
motorway_link,sidewalk,3,0,0,0.30910595768745236,0,0
motorway_link,surface,3,0,0,0.30910595768745236,0,0
motorway_link,width,3,0,0,0.30910595768745236,0,0
path,access,568,2,0.4,91.0349440500247,0.2016786191344975,0.2
path,cycleway,568,0,0,91.0349440500247,0,0
path,cycleway_both,568,0,0,91.0349440500247,0,0
path,cycleway_left,568,0,0,91.0349440500247,0,0
path,cycleway_right,568,0,0,91.0349440500247,0,0
path,lanes,568,0,0,91.0349440500247,0,0
path,lit,568,1,0.2,91.0349440500247,0.1588712856309309,0.2
path,maxspeed,568,1,0.2,91.0349440500247,0.09348360239579134,0.1
path,motor_vehicle,568,8,1.4,91.0349440500247,1.8178288664305249,2
path,oneway,568,4,0.7,91.0349440500247,0.8969000900137959,1
path,sidewalk,568,3,0.5,91.0349440500247,0.29012898898788086,0.3
path,surface,568,79,13.9,91.0349440500247,9.763401960076186,10.7
path,width,568,87,15.3,91.0349440500247,12.67755131811484,13.9
pedestrian,access,1334,90,6.7,110.6005715198591,6.499329512465607,5.9
pedestrian,cycleway,1334,16,1.2,110.6005715198591,6.019415682194603,5.4
pedestrian,cycleway_both,1334,0,0,110.6005715198591,0,0
pedestrian,cycleway_left,1334,0,0,110.6005715198591,0,0
pedestrian,cycleway_right,1334,0,0,110.6005715198591,0,0
pedestrian,lanes,1334,14,1,110.6005715198591,1.4561539083010167,1.3
pedestrian,lit,1334,106,7.9,110.6005715198591,13.37974410562903,12.1
pedestrian,maxspeed,1334,22,1.6,110.6005715198591,2.407866280071754,2.2
pedestrian,motor_vehicle,1334,110,8.2,110.6005715198591,14.800970084239006,13.4
pedestrian,oneway,1334,208,15.6,110.6005715198591,23.670105449539868,21.4
pedestrian,sidewalk,1334,11,0.8,110.6005715198591,1.1181911540594311,1
pedestrian,surface,1334,112,8.4,110.6005715198591,12.468897174393572,11.3
pedestrian,width,1334,1,0.1,110.6005715198591,0.12505110027653188,0.1
platform,access,7,0,0,0.07598156468302196,0,0
platform,cycleway,7,0,0,0.07598156468302196,0,0
platform,cycleway_both,7,0,0,0.07598156468302196,0,0
platform,cycleway_left,7,0,0,0.07598156468302196,0,0
platform,cycleway_right,7,0,0,0.07598156468302196,0,0
platform,lanes,7,0,0,0.07598156468302196,0,0
platform,lit,7,0,0,0.07598156468302196,0,0
platform,maxspeed,7,0,0,0.07598156468302196,0,0
platform,motor_vehicle,7,0,0,0.07598156468302196,0,0
platform,oneway,7,0,0,0.07598156468302196,0,0
platform,sidewalk,7,0,0,0.07598156468302196,0,0
platform,surface,7,0,0,0.07598156468302196,0,0
platform,width,7,0,0,0.07598156468302196,0,0
primary,access,394,97,24.6,72.3224016445963,16.298988259910526,22.5
primary,cycleway,394,98,24.9,72.3224016445963,22.973799475615102,31.8
primary,cycleway_both,394,0,0,72.3224016445963,0,0
primary,cycleway_left,394,0,0,72.3224016445963,0,0
primary,cycleway_right,394,0,0,72.3224016445963,0,0
primary,lanes,394,264,67,72.3224016445963,46.6956028839631,64.6
primary,lit,394,263,66.8,72.3224016445963,44.73554809698822,61.9
primary,maxspeed,394,359,91.1,72.3224016445963,65.63722168613074,90.8
primary,motor_vehicle,394,0,0,72.3224016445963,0,0
primary,oneway,394,372,94.4,72.3224016445963,70.41840846130088,97.4
primary,sidewalk,394,76,19.3,72.3224016445963,9.548572462997555,13.2
primary,surface,394,160,40.6,72.3224016445963,31.754563203166,43.9
primary,width,394,158,40.1,72.3224016445963,35.68593799138377,49.3
primary_link,access,440,32,7.3,37.78840542026462,3.0767230924553,8.1
primary_link,cycleway,440,13,3,37.78840542026462,1.2730358737591387,3.4
primary_link,cycleway_both,440,0,0,37.78840542026462,0,0
primary_link,cycleway_left,440,1,0.2,37.78840542026462,0.0040598088563145234,0
primary_link,cycleway_right,440,1,0.2,37.78840542026462,0.11370048202132224,0.3
primary_link,lanes,440,165,37.5,37.78840542026462,16.673926312683278,44.1
primary_link,lit,440,134,30.5,37.78840542026462,14.743298163123885,39
primary_link,maxspeed,440,282,64.1,37.78840542026462,27.421599618453534,72.6
primary_link,motor_vehicle,440,0,0,37.78840542026462,0,0
primary_link,oneway,440,419,95.2,37.78840542026462,37.07808390392022,98.1
primary_link,sidewalk,440,21,4.8,37.78840542026462,0.930504353878306,2.5
primary_link,surface,440,67,15.2,37.78840542026462,8.258608924983807,21.9
primary_link,width,440,24,5.5,37.78840542026462,3.3437141085203868,8.8
raceway,access,2,1,50,1.6472702018226788,1.3072376937255872,79.4
raceway,cycleway,2,0,0,1.6472702018226788,0,0
raceway,cycleway_both,2,0,0,1.6472702018226788,0,0
raceway,cycleway_left,2,0,0,1.6472702018226788,0,0
raceway,cycleway_right,2,0,0,1.6472702018226788,0,0
raceway,lanes,2,0,0,1.6472702018226788,0,0
raceway,lit,2,1,50,1.6472702018226788,0.34003250809709157,20.6
raceway,maxspeed,2,0,0,1.6472702018226788,0,0
raceway,motor_vehicle,2,0,0,1.6472702018226788,0,0
raceway,oneway,2,1,50,1.6472702018226788,1.3072376937255872,79.4
raceway,sidewalk,2,0,0,1.6472702018226788,0,0
raceway,surface,2,0,0,1.6472702018226788,0,0
raceway,width,2,0,0,1.6472702018226788,0,0
residential,access,3844,132,3.4,718.3929467024449,18.72757949093814,2.6
residential,cycleway,3844,69,1.8,718.3929467024449,12.123905145891218,1.7
residential,cycleway_both,3844,0,0,718.3929467024449,0,0
residential,cycleway_left,3844,16,0.4,718.3929467024449,4.9679200822211005,0.7
residential,cycleway_right,3844,5,0.1,718.3929467024449,1.0906193664925496,0.2
residential,lanes,3844,287,7.5,718.3929467024449,58.72650753097328,8.2
residential,lit,3844,214,5.6,718.3929467024449,45.07393065460197,6.3
residential,maxspeed,3844,559,14.5,718.3929467024449,121.98288147798927,17
residential,motor_vehicle,3844,22,0.6,718.3929467024449,4.404652184036447,0.6
residential,oneway,3844,2997,78,718.3929467024449,587.3788936778658,81.8
residential,sidewalk,3844,87,2.3,718.3929467024449,19.1716202205951,2.7
residential,surface,3844,509,13.2,718.3929467024449,97.70308173253274,13.6
residential,width,3844,3,0.1,718.3929467024449,0.34482074807428686,0
road,access,5,0,0,0.3916780847715779,0,0
road,cycleway,5,0,0,0.3916780847715779,0,0
road,cycleway_both,5,0,0,0.3916780847715779,0,0
road,cycleway_left,5,0,0,0.3916780847715779,0,0
road,cycleway_right,5,0,0,0.3916780847715779,0,0
road,lanes,5,0,0,0.3916780847715779,0,0
road,lit,5,0,0,0.3916780847715779,0,0
road,maxspeed,5,0,0,0.3916780847715779,0,0
road,motor_vehicle,5,0,0,0.3916780847715779,0,0
road,oneway,5,0,0,0.3916780847715779,0,0
road,sidewalk,5,0,0,0.3916780847715779,0,0
road,surface,5,0,0,0.3916780847715779,0,0
road,width,5,0,0,0.3916780847715779,0,0
secondary,access,584,16,2.7,123.0907505737368,3.4788503775035795,2.8
secondary,cycleway,584,15,2.6,123.0907505737368,3.9113756847470835,3.2
secondary,cycleway_both,584,0,0,123.0907505737368,0,0
secondary,cycleway_left,584,15,2.6,123.0907505737368,2.954466695830626,2.4
secondary,cycleway_right,584,0,0,123.0907505737368,0,0
secondary,lanes,584,147,25.2,123.0907505737368,34.39775419232737,27.9
secondary,lit,584,175,30,123.0907505737368,30.87852478219302,25.1
secondary,maxspeed,584,330,56.5,123.0907505737368,59.60278733197778,48.4
secondary,motor_vehicle,584,0,0,123.0907505737368,0,0
secondary,oneway,584,538,92.1,123.0907505737368,118.7224830209492,96.5
secondary,sidewalk,584,60,10.3,123.0907505737368,7.27720109011145,5.9
secondary,surface,584,43,7.4,123.0907505737368,9.812980020729269,8
secondary,width,584,3,0.5,123.0907505737368,2.2071016057552826,1.8
secondary_link,access,194,0,0,10.964269377308995,0,0
secondary_link,cycleway,194,3,1.5,10.964269377308995,0.11305459946205687,1
secondary_link,cycleway_both,194,0,0,10.964269377308995,0,0
secondary_link,cycleway_left,194,1,0.5,10.964269377308995,0.018426622540895676,0.2
secondary_link,cycleway_right,194,0,0,10.964269377308995,0,0
secondary_link,lanes,194,22,11.3,10.964269377308995,0.9452789255854912,8.6
secondary_link,lit,194,22,11.3,10.964269377308995,1.3748753202237556,12.5
secondary_link,maxspeed,194,74,38.1,10.964269377308995,4.41587703291981,40.3
secondary_link,motor_vehicle,194,0,0,10.964269377308995,0,0
secondary_link,oneway,194,164,84.5,10.964269377308995,9.42617510429068,86
secondary_link,sidewalk,194,3,1.5,10.964269377308995,0.09080270047210717,0.8
secondary_link,surface,194,9,4.6,10.964269377308995,0.23638771810562986,2.2
secondary_link,width,194,0,0,10.964269377308995,0,0
service,access,1744,334,19.2,222.4094927677229,44.837009918130455,20.2
service,cycleway,1744,32,1.8,222.4094927677229,4.26477551513446,1.9
service,cycleway_both,1744,0,0,222.4094927677229,0,0
service,cycleway_left,1744,0,0,222.4094927677229,0,0
service,cycleway_right,1744,0,0,222.4094927677229,0,0
service,lanes,1744,68,3.9,222.4094927677229,7.736914614805731,3.5
service,lit,1744,54,3.1,222.4094927677229,6.737382839202912,3
service,maxspeed,1744,59,3.4,222.4094927677229,9.921396571123813,4.5
service,motor_vehicle,1744,55,3.2,222.4094927677229,6.663371609481879,3
service,oneway,1744,799,45.8,222.4094927677229,92.40392586962253,41.5
service,sidewalk,1744,12,0.7,222.4094927677229,2.4216444041805945,1.1
service,surface,1744,111,6.4,222.4094927677229,12.278671153648249,5.5
service,width,1744,11,0.6,222.4094927677229,1.0783650950997665,0.5
steps,access,1081,15,1.4,29.23853594457156,0.35978100920311634,1.2
steps,cycleway,1081,0,0,29.23853594457156,0,0
steps,cycleway_both,1081,0,0,29.23853594457156,0,0
steps,cycleway_left,1081,0,0,29.23853594457156,0,0
steps,cycleway_right,1081,0,0,29.23853594457156,0,0
steps,lanes,1081,0,0,29.23853594457156,0,0
steps,lit,1081,25,2.3,29.23853594457156,0.8789674951614703,3
steps,maxspeed,1081,0,0,29.23853594457156,0,0
steps,motor_vehicle,1081,7,0.6,29.23853594457156,0.2189657126698495,0.7
steps,oneway,1081,14,1.3,29.23853594457156,0.4938526583245928,1.7
steps,sidewalk,1081,8,0.7,29.23853594457156,0.42950307583372616,1.5
steps,surface,1081,71,6.6,29.23853594457156,1.4551226907252577,5
steps,width,1081,32,3,29.23853594457156,0.7636191100548276,2.6
tertiary,access,1125,74,6.6,217.88114812611502,16.73334841946348,7.7
tertiary,cycleway,1125,61,5.4,217.88114812611502,15.525949489831234,7.1
tertiary,cycleway_both,1125,0,0,217.88114812611502,0,0
tertiary,cycleway_left,1125,19,1.7,217.88114812611502,4.076468005743149,1.9
tertiary,cycleway_right,1125,0,0,217.88114812611502,0,0
tertiary,lanes,1125,385,34.2,217.88114812611502,65.52520374826987,30.1
tertiary,lit,1125,234,20.8,217.88114812611502,41.787957947830456,19.2
tertiary,maxspeed,1125,716,63.6,217.88114812611502,132.77744240790886,60.9
tertiary,motor_vehicle,1125,2,0.2,217.88114812611502,0.6303137823293044,0.3
tertiary,oneway,1125,993,88.3,217.88114812611502,194.63851225696357,89.3
tertiary,sidewalk,1125,36,3.2,217.88114812611502,6.973311338112528,3.2
tertiary,surface,1125,126,11.2,217.88114812611502,25.855208713071587,11.9
tertiary,width,1125,2,0.2,217.88114812611502,2.0515772201366924,0.9
tertiary_link,access,255,4,1.6,16.240052556590573,0.4941848945379898,3
tertiary_link,cycleway,255,3,1.2,16.240052556590573,0.46350710566024167,2.9
tertiary_link,cycleway_both,255,0,0,16.240052556590573,0,0
tertiary_link,cycleway_left,255,0,0,16.240052556590573,0,0
tertiary_link,cycleway_right,255,0,0,16.240052556590573,0,0
tertiary_link,lanes,255,61,23.9,16.240052556590573,6.657233383025364,41
tertiary_link,lit,255,58,22.7,16.240052556590573,3.6620777174598524,22.5
tertiary_link,maxspeed,255,100,39.2,16.240052556590573,8.87690739900422,54.7
tertiary_link,motor_vehicle,255,0,0,16.240052556590573,0,0
tertiary_link,oneway,255,240,94.1,16.240052556590573,15.459686049551706,95.2
tertiary_link,sidewalk,255,10,3.9,16.240052556590573,0.9123693235193316,5.6
tertiary_link,surface,255,23,9,16.240052556590573,1.149625469759093,7.1
tertiary_link,width,255,0,0,16.240052556590573,0,0
track,access,392,11,2.8,90.51405828096738,3.3308758147787914,3.7
track,cycleway,392,0,0,90.51405828096738,0,0
track,cycleway_both,392,0,0,90.51405828096738,0,0
track,cycleway_left,392,0,0,90.51405828096738,0,0
track,cycleway_right,392,0,0,90.51405828096738,0,0
track,lanes,392,0,0,90.51405828096738,0,0
track,lit,392,6,1.5,90.51405828096738,2.08980843208262,2.3
track,maxspeed,392,4,1,90.51405828096738,1.4724291978107613,1.6
track,motor_vehicle,392,33,8.4,90.51405828096738,8.022795649103978,8.9
track,oneway,392,8,2,90.51405828096738,3.042485857336284,3.4
track,sidewalk,392,1,0.3,90.51405828096738,0.09678429227577545,0.1
track,surface,392,75,19.1,90.51405828096738,19.370591988623673,21.4
track,width,392,53,13.5,90.51405828096738,13.427537402143127,14.8
trunk,access,240,27,11.2,70.89087354253272,8.853218878757174,12.5
trunk,cycleway,240,6,2.5,70.89087354253272,1.6172358863076954,2.3
trunk,cycleway_both,240,0,0,70.89087354253272,0,0
trunk,cycleway_left,240,0,0,70.89087354253272,0,0
trunk,cycleway_right,240,0,0,70.89087354253272,0,0
trunk,lanes,240,175,72.9,70.89087354253272,45.751583335715395,64.5
trunk,lit,240,211,87.9,70.89087354253272,60.271138190178114,85
trunk,maxspeed,240,233,97.1,70.89087354253272,70.72804727424563,99.8
trunk,motor_vehicle,240,11,4.6,70.89087354253272,1.4590129187163392,2.1
trunk,oneway,240,239,99.6,70.89087354253272,70.75979917765434,99.8
trunk,sidewalk,240,0,0,70.89087354253272,0,0
trunk,surface,240,37,15.4,70.89087354253272,13.024037902583,18.4
trunk,width,240,21,8.8,70.89087354253272,6.324014257419106,8.9
trunk_link,access,257,20,7.8,40.67350376848355,3.039616228248776,7.5
trunk_link,cycleway,257,6,2.3,40.67350376848355,0.5636667115249344,1.4
trunk_link,cycleway_both,257,0,0,40.67350376848355,0,0
trunk_link,cycleway_left,257,0,0,40.67350376848355,0,0
trunk_link,cycleway_right,257,0,0,40.67350376848355,0,0
trunk_link,lanes,257,147,57.2,40.67350376848355,23.974513303650966,58.9
trunk_link,lit,257,98,38.1,40.67350376848355,14.55930147026308,35.8
trunk_link,maxspeed,257,159,61.9,40.67350376848355,26.28957659528931,64.6
trunk_link,motor_vehicle,257,5,1.9,40.67350376848355,0.786657969194171,1.9
trunk_link,oneway,257,257,100,40.67350376848355,40.67350376848355,100
trunk_link,sidewalk,257,1,0.4,40.67350376848355,0.2730332759571984,0.7
trunk_link,surface,257,47,18.3,40.67350376848355,7.63011516756193,18.8
trunk_link,width,257,5,1.9,40.67350376848355,0.4587511471262143,1.1
unclassified,access,92,10,10.9,20.079785451376747,1.889972460775194,9.4
unclassified,cycleway,92,4,4.3,20.079785451376747,1.0592207211239089,5.3
unclassified,cycleway_both,92,0,0,20.079785451376747,0,0
unclassified,cycleway_left,92,0,0,20.079785451376747,0,0
unclassified,cycleway_right,92,0,0,20.079785451376747,0,0
unclassified,lanes,92,1,1.1,20.079785451376747,0.14933217229234336,0.7
unclassified,lit,92,0,0,20.079785451376747,0,0
unclassified,maxspeed,92,10,10.9,20.079785451376747,1.4945648377021707,7.4
unclassified,motor_vehicle,92,7,7.6,20.079785451376747,1.3306216586701853,6.6
unclassified,oneway,92,61,66.3,20.079785451376747,12.720773094848852,63.4
unclassified,sidewalk,92,0,0,20.079785451376747,0,0
unclassified,surface,92,6,6.5,20.079785451376747,1.1724694676077694,5.8
unclassified,width,92,4,4.3,20.079785451376747,0.4221315380629133,2.1
