highway,n_features,length_km,pct_length
residential,3844,718.3929467024449,30.599637806941956
footway,3099,252.64692729894062,10.761386931582006
service,1744,222.4094927677229,9.473436445551389
tertiary,1125,217.88114812611502,9.280553558081168
cycleway,369,131.06118039798162,5.582494467877367
secondary,584,123.0907505737368,5.242997446216659
pedestrian,1334,110.6005715198591,4.7109836549526225
path,568,91.0349440500247,3.8775941892143604
track,392,90.51405828096738,3.855407284477743
living_street,643,80.74809549739228,3.439430310615208
primary,394,72.3224016445963,3.0805415139598535
trunk,240,70.89087354253272,3.01956619170109
trunk_link,257,40.67350376848355,1.732470355350511
primary_link,440,37.78840542026462,1.609580835209562
steps,1081,29.23853594457156,1.2454028314391556
unclassified,92,20.079785451376747,0.8552898032665774
tertiary_link,255,16.240052556590573,0.6917380362354859
secondary_link,194,10.964269377308995,0.4670183265348288
motorway,29,7.86350541398384,0.33494262250948376
raceway,2,1.6472702018226788,0.07016476397397041
construction,6,0.6288525743703821,0.0267857042556223
road,5,0.3916780847715779,0.01668335913644655
motorway_link,3,0.30910595768745236,0.013166234986883367
bridleway,2,0.13085159333936497,0.005573567197485682
corridor,4,0.08020613322877435,0.0034163456614676063
platform,7,0.07598156468302196,0.003236401985817676
crossing,1,0.011762323206592616,5.01011085287006e-4
