highway,value,n_features
tertiary,50,672
primary,50,342
residential,30,338
secondary,50,322
primary_link,50,260
residential,50,196
trunk,80,166
tertiary_link,50,78
secondary_link,50,68
trunk_link,50,61
trunk_link,80,52
living_street,30,48
trunk_link,60,44
living_street,10,36
trunk,60,31
tertiary,40,23
service,10,21
motorway,80,19
service,30,18
residential,40,17
tertiary,30,17
trunk,50,17
living_street,20,15
service,20,14
living_street,40,13
primary_link,30,13
tertiary_link,40,12
trunk,100,11
pedestrian,30,10
tertiary_link,30,10
pedestrian,10,9
primary,60,9
unclassified,50,9
motorway,90,7
primary_link,60,7
residential,20,7
trunk,70,7
secondary,40,5
primary,30,4
primary,40,4
secondary_link,30,4
service,50,4
tertiary,60,4
track,20,4
footway,50,3
secondary,60,3
motorway,100,2
pedestrian,20,2
primary_link,40,2
secondary_link,40,2
service,40,2
living_street,50,1
motorway,50,1
path,20,1
pedestrian,50,1
residential,10,1
trunk,90,1
trunk_link,30,1
trunk_link,40,1
unclassified,30,1
